Dataset,Mixture 1,Mixture 2,Experimental Values,Correlation_POM,Cosine_Similarity_POM,Euclidean_Distance_POM,Angle_POM
snitz 1,1,2,0.604166667,0.41527924371477243,0.36881943850473786,0.8588590553807275,50.862723972797376
snitz 1,1,3,0.651041667,1.2242266233710482,1.2451502150493718,1.5780685758542767,104.19071114166192
snitz 1,1,4,0.526041667,0.8911239906897882,0.7318947871378126,1.2098717181071825,74.44845296515646
snitz 1,1,5,0.505208333,0.5796327367551383,0.5085882706014998,1.008551704774227,60.566587245971114
snitz 1,1,6,0.411458333,0.7058404663462681,0.6169174397107094,1.110781202317278,67.47524526530707
snitz 1,1,7,0.5625,0.9583188747144236,1.0055971990441241,1.4181658570450242,90.32069755684074
snitz 1,8,2,0.755208333,1.4530592014868202,1.4688997191001267,1.7140010029752764,117.96289859915457
snitz 1,8,3,0.684895833,0.615245847039386,0.6062197991189698,1.101108349908373,66.81007999251031
snitz 1,8,4,0.848958333,1.6340711261576413,1.5890053901993713,1.7826976132812713,126.08645939813526
snitz 1,8,5,0.765625,1.335959140997836,1.3610917833779652,1.6499041083517338,111.1672613219484
snitz 1,8,6,0.807291667,1.337631079352465,1.3625427743767642,1.6507833136888466,111.25643885897817
snitz 1,8,7,0.901041667,1.332216552859912,1.305293891747473,1.6157313463243033,107.7758460062479
snitz 1,9,2,0.567708333,0.5618316603913835,0.5518750125479188,1.0505950814161646,63.37655141390725
snitz 1,9,3,0.671875,0.8042425584030664,0.8193521687553978,1.2801188763200066,79.59250359215557
snitz 1,9,4,0.424479167,1.2922022323457103,1.1636925651208643,1.5255769827320182,99.42129134102096
snitz 1,9,5,0.390625,0.829146377582517,0.7970503098907092,1.2625769757846126,78.29049787885504
snitz 1,9,6,0.447916667,0.9457635773912132,0.9022771776313585,1.3433370222184446,84.39194452416808
snitz 1,9,7,0.619791667,0.8532127758950159,0.8727237076192511,1.321153819673736,82.68777213328562
snitz 1,10,2,0.567708333,0.4486838653550025,0.4720523602307827,0.9716505135394957,58.133110286569995
snitz 1,10,3,0.651041667,1.0943226897585423,1.0982013867101101,1.4820265764891734,95.63560771535347
snitz 1,10,4,0.541666667,1.1201153896951814,1.0716948562570083,1.4640320052901907,94.11133997184723
snitz 1,10,5,0.369791667,0.7365667312196917,0.7422626922106181,1.218411008002323,75.0641557534214
snitz 1,10,6,0.411458333,0.8365281092933038,0.833815208644072,1.2913676538027985,80.43393168192407
snitz 1,10,7,0.458333333,0.7001907190012482,0.7096156006367975,1.1913149043278168,73.11902915096839
snitz 1,11,2,0.510416667,0.5070522656920502,0.4386688103233133,0.9366630240628839,55.852091543424926
snitz 1,11,3,0.713541667,1.1482495922333007,1.1763871668243007,1.5338755926243173,100.1593927548649
snitz 1,11,4,0.46875,0.688002733147749,0.5482195713689902,1.0471099000286364,63.14202809464082
snitz 1,11,5,0.34375,0.45606130479694107,0.3885750759266896,0.8815612014224417,52.30739428272851
snitz 1,11,6,0.380208333,0.5985037905761403,0.5082589704642715,1.0082251439676275,60.54492123588213
snitz 1,11,7,0.552083333,1.091965762697066,1.13749443509714,1.5083066234006528,97.90288583065349
snitz 1,12,2,0.770833333,0.7242926141341535,0.8698457118496677,1.3189736250961712,82.52149187390832
snitz 1,12,3,0.765625,1.0756086005631724,1.0383018327753664,1.4410425620191556,92.19507029470564
snitz 1,12,4,0.697916667,1.0644954668658748,1.2332891833593675,1.5705344207366914,103.49079742120794
snitz 1,12,5,0.682291667,1.0783138210211423,1.193637599446069,1.5450809683936104,101.16514692747421
snitz 1,12,6,0.630208333,1.0668430523726677,1.1856766859175571,1.5399199238386112,100.7005872094691
snitz 1,12,7,0.7109375,0.6383562892628966,0.6151967958207518,1.1092310812637296,67.3684765169755
snitz 1,13,14,0.754807692,0.5687063986986747,0.5211551735572202,1.0209360151911773,61.390017043408214
snitz 1,13,15,0.701923077,0.37526751324614593,0.4460136880546478,0.9444720091719477,56.35907718364494
snitz 1,13,16,0.706730769,0.8160517372056783,0.7162078428792702,1.1968356970606033,73.51333646500758
snitz 1,13,17,0.581730769,0.45210926683689623,0.416660087913141,0.9128637224834174,54.31420121365011
snitz 1,13,18,0.567307692,0.5642522088123911,0.5162113574924148,1.0160820414635963,61.06686199095874
snitz 1,13,19,0.822115385,0.5107189639575009,0.569087104067433,1.0668524772126957,64.47449123112352
snitz 1,20,14,0.711538462,1.2067736062370693,1.2354527251242715,1.5719114002540158,103.61831086454282
snitz 1,20,15,0.533653846,0.8313234228691732,0.8139197795321825,1.2758681589664211,79.27588188465324
snitz 1,20,16,0.754807692,0.7995644395149153,0.905731804555698,1.3459062408323235,84.5907985229195
snitz 1,20,17,0.774038462,1.1796407615356355,1.2116848043130828,1.5567175751003024,102.22110437614333
snitz 1,20,18,0.721153846,1.2172435839872293,1.2454722762784485,1.578272648358608,104.2097454976105
snitz 1,20,19,0.533653846,0.669158427104064,0.6567424788471937,1.1460737139008061,69.92453538144262
snitz 1,21,14,0.735576923,0.7109026598486818,0.7183466500763273,1.1986214165251075,73.64109339179258
snitz 1,21,15,0.711538462,0.3501956188440608,0.3682844432318533,0.8582359153890649,50.823193079741436
snitz 1,21,16,0.572115385,0.7246817451462579,0.7520822596966741,1.2264438508930398,75.64567107505555
snitz 1,21,17,0.514423077,0.6057957002817473,0.6249836622812741,1.1180193757545298,67.97467738883346
snitz 1,21,18,0.533653846,0.7180789785234869,0.7263434051025451,1.205274578759998,74.11802801785852
snitz 1,21,19,0.682692308,0.4202085629400064,0.43437481074885576,0.9320673910708988,55.55428316412281
snitz 1,22,14,0.735576923,0.8523257680435651,0.8612793872673162,1.3124628659640742,82.0261796124044
snitz 1,22,15,0.682692308,0.3751971851770053,0.38649193429655926,0.879195011697131,52.156406501005335
snitz 1,22,16,0.451923077,0.4788727412352447,0.5698084957871508,1.0675284500069784,64.52028590709733
snitz 1,22,17,0.427884615,0.8158955358016222,0.8296122697500481,1.28810890048167,80.18963672964102
snitz 1,22,18,0.5,0.891240936190638,0.897823275950757,1.340017369999924,84.13547023685078
snitz 1,22,19,0.793269231,0.34105180403062907,0.35053894204098224,0.8373039376964401,49.49901973116329
snitz 1,23,14,0.754807692,0.7844439554101289,0.7967486313027992,1.262338014402481,78.27284504666348
snitz 1,23,15,0.673076923,0.2919341346993012,0.3055193273961371,0.7816896153795789,46.014152036521104
snitz 1,23,16,0.5,0.7450118318905337,0.7845878592153018,1.2526674412750587,77.56029218561818
snitz 1,23,17,0.451923077,0.6703157431696445,0.6949963863519211,1.1789795471948792,72.24161868765869
snitz 1,23,18,0.418269231,0.8098744897183646,0.821373563998912,1.2816969719858993,79.71023619386821
snitz 1,23,19,0.778846154,0.4239296497142361,0.433199157397438,0.9308051970175483,55.472561286787766
snitz 1,24,14,0.778846154,0.996298163261252,1.034589278604237,1.4384639575632314,91.98221507419122
snitz 1,24,15,0.701923077,1.0716171849900697,1.0526289621385299,1.4509506967078718,93.01681116962949
snitz 1,24,16,0.735576923,1.1893862857348168,1.2104612305986855,1.555931380619778,102.14938289754843
snitz 1,24,17,0.745192308,1.2458735929030023,1.2632485979028376,1.5894958936108243,105.26291013708331
snitz 1,24,18,0.778846154,1.2683380705762224,1.2837947673439458,1.6023699743467146,106.4868195022946
snitz 1,24,19,0.677884615,1.0673163283509803,1.0505714539962192,1.449531961700893,92.89876736036905
snitz 1,25,26,0.711538462,1.0589709354240424,1.0461577143979557,1.4464838156010984,92.64558221208162
snitz 1,25,27,0.721153846,0.7422932902371184,0.7442168446799199,1.2200138070365598,75.1800042716675
snitz 1,25,28,0.629807692,0.7098111496647657,0.7063413514801445,1.1885632936281891,72.92287851229263
snitz 1,25,29,0.673076923,0.7783527387830084,0.7980140334655721,1.263340044062225,78.34688297128362
snitz 1,25,30,0.663461538,0.9075965365766527,0.9272314151136544,1.3617866316818168,85.82697878738615
snitz 1,25,31,0.610576923,1.468035289639515,1.4177126238147308,1.6838720995460024,114.6902598714313
snitz 1,32,26,0.8125,0.4271410575413862,0.4505984606471597,0.9493139213633811,56.67403424849114
snitz 1,32,27,0.721153846,0.9166688698477835,0.915444897446375,1.3531037635350625,85.14955797732604
snitz 1,32,28,0.793269231,0.9765451296208779,0.9817921299390552,1.401279508120386,88.95670823968624
snitz 1,32,29,0.610576923,1.3210491087333007,1.2982256823961875,1.611350788870125,107.35106462187339
snitz 1,32,30,0.740384615,1.5731581447388463,1.5351430260608612,1.7522231741766578,122.35361160737934
snitz 1,32,31,0.754807692,0.7934725517633567,0.8282223800334989,1.2870294324789149,80.10881025684513
snitz 1,33,26,0.682692308,1.299044277538921,1.2733508803873277,1.5958388893540147,105.86376148161928
snitz 1,33,27,0.615384615,0.6677400743518933,0.6717019852016233,1.1590530490030417,70.83449556579464
snitz 1,33,28,0.735576923,0.5991742099047477,0.5944404670363789,1.0903581677929308,66.07380489402217
snitz 1,33,29,0.533653846,0.9940700662669238,1.0164508380390882,1.4257986099299498,90.94260610861345
snitz 1,33,30,0.519230769,0.8462233859831436,0.8786306310573281,1.3256173135994627,83.02886066495725
snitz 1,33,31,0.725961538,1.207934055327346,1.1601173354602585,1.5232316537285187,99.21370685407078
snitz 1,34,26,0.658653846,1.1038747374660731,1.1154494138435371,1.493619371756765,96.62954722132642
snitz 1,34,27,0.634615385,0.8373066628266959,0.8361653987292608,1.2931862965012124,80.5704592163877
snitz 1,34,28,0.692307692,0.7739749568953453,0.7811400316927798,1.2499120222581903,77.35791772048235
snitz 1,34,29,0.524038462,1.1292558733671723,1.109550059675853,1.489664431793854,96.28937913965221
snitz 1,34,30,0.456730769,0.6750885615745559,0.6682360608213601,1.1560588746438134,70.62412556462051
snitz 1,34,31,0.692307692,1.0533281925045415,1.0748711334886727,1.4661999409962283,94.29381797927992
snitz 1,35,26,0.735576923,1.0595572417028136,1.0867539234241694,1.4742821462828408,94.97688991336244
snitz 1,35,27,0.653846154,0.7958274421109595,0.7948938230902407,1.2608678147135333,78.16428538706346
snitz 1,35,28,0.673076923,0.9583037172225172,0.9712651840231383,1.393746880909972,88.35338966822209
snitz 1,35,29,0.629807692,1.0591786760993758,1.0229136673315884,1.4303242061376076,91.31297134126606
snitz 1,35,30,0.514423077,0.797469158477328,0.7665641160391248,1.2381955548612866,76.50055859126083
snitz 1,35,31,0.653846154,1.1384176314132877,1.181104088211688,1.5369476817456662,100.43407641963204
snitz 1,36,26,0.769230769,1.0915303820768723,1.148836987810904,1.5158080272982488,98.55953432246064
snitz 1,36,27,0.653846154,0.9377628174287075,0.9339471662671132,1.366709307985508,86.21269400209253
snitz 1,36,28,0.716346154,1.2762575655074375,1.2862511838193962,1.60390223132172,106.63365237477834
snitz 1,36,29,0.807692308,1.1281316637747762,1.041668665999001,1.4433770581514733,92.38813011614647
snitz 1,36,30,0.764423077,1.3811780091438517,1.2561090931803642,1.5849978505855231,104.83931406580082
snitz 1,36,31,0.826923077,1.0507396418380472,1.161690589467394,1.524264143426193,99.30503771399246
snitz 1,37,38,0.522727273,0.872366110643585,0.9626601078015752,1.387559085445787,87.8600843038045
snitz 1,37,39,0.625,0.6029755953271307,0.6828635724052441,1.1686432923738912,71.51016373975246
snitz 1,37,40,0.642045455,0.7710940453505806,0.7893858590587692,1.2564918297058434,77.84165510872977
snitz 1,37,41,0.625,0.9178252964280872,0.902183577718173,1.3432673432479276,84.38655582732987
snitz 1,42,39,0.528409091,0.5131465316729581,0.7005725097905502,1.183699716812123,72.57677988693362
snitz 1,42,40,0.539772727,0.5108903250105268,0.5852702526281952,1.0819152024333465,65.49770145684066
snitz 1,42,41,0.471590909,0.9832421587666852,0.9449808961739791,1.3747588124278227,86.8460449674718
snitz 1,3,38,0.778409091,0.7601286460968937,0.7387733119968696,1.2155437565113563,74.85713808099871
snitz 1,3,39,0.772727273,1.1247366854088008,1.0843905487546575,1.4726782056883012,94.84097996503537
snitz 1,3,40,0.727272727,1.1228079241610271,1.1130345371316615,1.4920017004894208,96.49027310819606
snitz 1,3,41,0.693181818,1.410900803860295,1.4171626981279808,1.683545483869076,114.6555859099367
snitz 1,43,44,0.659090909,0.7119908056379556,0.7094874328617617,1.191207314334295,73.11135484383993
snitz 1,43,38,0.664772727,0.5674253758602896,0.585361779081532,1.0819997958239476,65.50346440010637
snitz 1,43,45,0.840909091,0.7636551966513019,0.7569596616449991,1.2304142892903993,75.93394665865132
snitz 1,43,39,0.642045455,0.6911952298511986,0.6884758174888366,1.1734358248228465,71.8488911663333
snitz 1,43,40,0.653409091,0.77032202989605,0.7666316601849663,1.2382501041267604,76.50453850989499
snitz 1,43,41,0.647727273,1.1444599440532885,1.1494509934405142,1.516213041389972,98.5951121751451
snitz 1,43,46,0.6875,0.5120567677586869,0.5155053082330772,1.015386929434368,61.02062870592569
snitz 1,47,44,0.664772727,0.7478096346705705,0.9788984664220151,1.3992129690808437,88.79088144175019
snitz 1,47,38,0.392045455,0.8758210511051072,1.1333696886390747,1.5055694528244616,97.66435743772982
snitz 1,47,45,0.789772727,0.8202631680315207,1.010323628586825,1.4214947263967073,90.59151085454197
snitz 1,47,39,0.5625,0.7921043456306656,0.9954771834784202,1.4110118238189366,89.74086081831011
snitz 1,47,40,0.488636364,0.7799486718039514,0.8556132636412583,1.308138573425047,81.69823192979536
snitz 1,47,41,0.534090909,1.0213680309894138,0.965942955126725,1.3899229871663572,88.0482976511727
snitz 1,47,46,0.619318182,0.5937278779988495,0.6345908947040764,1.1265796862220412,68.56723809348068
snitz 1,48,44,0.676136364,0.6423799094163413,0.8177479291424847,1.27886506648863,79.49903587454578
snitz 1,48,38,0.414772727,1.2338587632510585,1.3584512227407226,1.6483028985843122,111.00511073732956
snitz 1,48,45,0.755681818,0.8940068098401193,1.018005571609058,1.4268886232702662,91.03169901228246
snitz 1,48,39,0.443181818,0.7722336696003476,0.9163659651234735,1.353784299749021,85.20251886901961
snitz 1,48,40,0.346590909,0.7624097419328795,0.8107461028324927,1.2733782649570335,79.09075429892621
snitz 1,48,41,0.522727273,0.7860471048781721,0.7652952268432639,1.237170341418888,76.42577919304169
snitz 1,48,46,0.528409091,0.6936701466264817,0.7021688516690692,1.1850475531969753,72.67261666384734
snitz 1,49,44,0.352272727,0.8607493111438254,1.026707051355684,1.4329738667231053,91.53038329124544
snitz 1,49,38,0.454545455,0.9255586118492465,1.1231075632733156,1.4987378445033779,97.07148304912384
snitz 1,49,45,0.676136364,0.7003231916745485,0.8664752732895902,1.3164157954761784,82.32667936760718
snitz 1,49,39,0.619318182,0.8036530521774526,0.9625425436526391,1.387474355548699,87.85334365865687
snitz 1,49,40,0.647727273,1.0729570353103335,1.1001135643483337,1.4833162605111117,95.74571005249614
snitz 1,49,41,0.590909091,1.0010439567001197,0.9589750500922718,1.3849007546335383,87.64878366636215
snitz 1,49,46,0.602272727,0.7209496556167336,0.7313804359737952,1.209446514711416,74.41786062661913
snitz 2,1,2,0.571079232,1.0592961844853068,1.0409226144882968,1.4428600864174577,92.34534801792456
snitz 2,1,3,0.617074811,1.1510974150633142,1.085671566606193,1.4735478048615815,94.91464367433768
snitz 2,1,4,0.417794564,0.6434885108034878,0.6513265308081023,1.1413382765929674,69.59379998537007
snitz 2,5,6,0.702678919,1.3016714850255853,1.3043064253244063,1.6151200731366113,107.71644166798245
snitz 2,5,7,0.377680188,0.15152460103067367,0.15341869096736505,0.5539290405229993,32.15824203533004
snitz 2,5,3,0.403165774,0.9803618044876699,0.9971335640399779,1.4121852315046903,89.83576509234089
snitz 2,2,5,0.431679374,0.6600316651179552,0.6676235285215224,1.1555289079218423,70.58691873444528
snitz 2,2,6,0.688897466,1.28724844457285,1.261766726245615,1.5885633297074526,105.17491928797486
snitz 2,8,2,0.548093475,1.136262300767433,1.1463040835937446,1.514136112503591,98.41280307654928
snitz 2,8,9,0.441539564,0.7685673577617764,0.8482223415108606,1.3024763656288438,81.27004145759919
snitz 2,6,7,0.728967095,1.0964413393251422,1.0914493322996934,1.4774635916324252,95.2469915987979
snitz 2,6,10,0.715333919,1.4480095942216167,1.4337351067166892,1.6933606271061634,115.70483403247984
snitz 2,6,11,0.62178788,1.0298449162720404,0.9402156889968402,1.3712882184259008,86.57256752615532
snitz 2,12,5,0.707735537,0.5338785203514704,0.5390006711482376,1.0382684346046906,62.54838881476012
snitz 2,12,2,0.671511581,1.0635905915171084,1.053996565048436,1.4518929471889006,93.09528064490732
snitz 2,12,6,0.640651637,0.8989953214520314,0.887777626624497,1.3324996259845605,83.55655842963573
snitz 2,12,10,0.62904294,1.3782175467715678,1.3732644868240405,1.6572655109088832,111.91708807584668
snitz 2,7,1,0.641323935,0.6899105970109785,0.6902386492169201,1.1749371465886336,71.95515102577754
snitz 2,7,8,0.611684523,1.642796311728258,1.6415680678180353,1.811942641375844,129.90884598999563
snitz 2,3,12,0.706568159,0.9622871711734123,0.9370980293409362,1.3690128044258294,86.3936016725601
snitz 2,3,13,0.581259278,1.0778530432090225,1.0328981060242448,1.4372877972238165,91.88526279889552
snitz 2,3,4,0.448164066,1.340790826223413,1.3268506734607612,1.6290185225839275,109.07773524361441
snitz 2,3,10,0.55311862,0.7561261519551429,0.7566497705649748,1.2301624043718573,75.91564164241879
snitz 2,9,5,0.381566352,1.0763598246031376,1.0874820398851448,1.4747759422265776,95.01876713166072
snitz 2,9,12,0.699182921,1.3736428165076904,1.2870856810665643,1.604422438802552,106.68356018482177
snitz 2,9,3,0.508135923,0.908634849430391,0.7492496562035028,1.2241320649370337,75.47808190248249
snitz 2,9,14,0.455659939,1.2702663902600444,1.2127110144998507,1.557376649690017,102.2812721089105
snitz 2,13,1,0.549520134,0.3527562420997955,0.3475561272286808,0.8337339230578074,49.27388616682583
snitz 2,13,2,0.566943825,1.0982258688427444,1.0843097775921433,1.472623358223102,94.83633556648996
snitz 2,13,6,0.599266027,0.5721025098811289,0.5623995377220928,1.0605654508064015,64.04911886738613
snitz 2,4,5,0.289236253,0.24455606952705278,0.24441008181888046,0.6991567518359247,40.92305775421479
snitz 2,4,8,0.483749082,1.7462591343175977,1.7397470329941245,1.8653402011397937,137.70987112095798
snitz 2,4,13,0.622244157,0.6689445356981867,0.6737643227814734,1.1608310150762455,70.95954506775551
snitz 2,4,11,0.573445625,0.681789235539022,0.7387167570731012,1.2154972291808002,74.8537811352563
snitz 2,10,9,0.483212535,0.8131675702687994,0.8153743295474647,1.2770076973514797,79.3606910419952
snitz 2,10,4,0.399586021,1.0460440357079734,1.0471080498549563,1.447140663415244,92.7000917261082
snitz 2,14,1,0.65665315,0.463573968195661,0.46321388960178267,0.9625111839368754,57.53487771125133
snitz 2,14,6,0.663165187,0.9135018556652104,0.9070328502798181,1.3468725628505598,84.66567178406355
snitz 2,14,7,0.33198546,0.4458181890523203,0.4455457432137281,0.9439764226014631,56.3268664310937
snitz 2,14,13,0.595095117,0.4723612458893297,0.47100957271072774,0.9705767076442003,58.06273258413852
snitz 2,14,10,0.347093793,1.1568328813977444,1.1544335624171138,1.5194956810844276,98.88394621792789
snitz 2,11,1,0.379850967,0.7706145652537535,0.7289645223675838,1.2074473258636036,74.27410691216122
snitz 2,11,2,0.478150495,1.0520744553122492,0.9855403438114673,1.4039518110045421,89.17149385457006
snitz 2,11,8,0.519923765,1.3831548749292697,1.3793050282817816,1.6609063960872579,112.29064115686643
snitz 2,11,12,0.652060266,0.6347536221438943,0.6470718647299585,1.1376043817865318,69.33348210358048
snitz 2,11,13,0.4955536,0.6250663657917304,0.6235758856794704,1.1167594957549907,67.8876408235846
snitz 2,1,5,0.365823651,0.8859066586857463,0.8936592484997341,1.336906315715304,83.89558151440768
snitz 2,1,8,0.640420003,1.4783274149799566,1.4855339137790966,1.723678574316625,119.04745890826752
snitz 2,1,6,0.554831352,0.41740445525558745,0.40708463265831385,0.9023132855702771,53.635834393044654
snitz 2,1,12,0.461249656,0.46391885489765294,0.45998233788425946,0.9591478904572115,57.31515880900653
snitz 2,1,9,0.531256662,1.3603407039828972,1.2378420677390545,1.573430689759834,103.75921237571342
snitz 2,1,10,0.629883689,1.6308218282073135,1.6165108056096962,1.798060513781278,128.06178032001213
snitz 2,5,8,0.523572917,1.5755736431752045,1.5678636802230064,1.7707985092737157,124.60138763233516
snitz 2,5,13,0.623722766,0.8156803022679074,0.8216117973618321,1.2818828319014437,79.72410877341136
snitz 2,5,10,0.524793971,0.8463109133592759,0.8485173560764223,1.3027028487544061,81.287142278823
snitz 2,5,14,0.434726288,0.49992451777004565,0.5029096755187759,1.0029054546853118,60.19231659798478
snitz 2,5,11,0.444452165,0.6202222013744508,0.6948408908499106,1.1788476499106324,72.23226345289989
snitz 2,2,7,0.434875161,0.8223572669965027,0.8211036724684344,1.2814863810969157,79.69451938909509
snitz 2,2,3,0.521107479,1.019987383608381,0.9766071206306447,1.3975744134969308,88.65956446880793
snitz 2,2,9,0.435297988,0.7754179110804394,0.7485848969566256,1.2235888990642447,75.43873350120353
snitz 2,2,4,0.389479171,0.6353037703294069,0.640818252287616,1.1320938585537998,68.95004714262122
snitz 2,2,10,0.409498442,0.6422876096257544,0.6398750921636562,1.1312604405384785,68.89213276193111
snitz 2,2,14,0.353717605,0.7032338084910297,0.70016624125601,1.1833564477840224,72.55238143440583
snitz 2,8,6,0.699666352,0.7518731491691502,0.773416808024168,1.2437176592974528,76.90400697431308
snitz 2,8,12,0.75005623,1.4573147853267545,1.4613900637913362,1.7096140288330204,117.47684221127913
snitz 2,8,3,0.493943735,0.5046463455351893,0.5763966806709566,1.0736821509841319,64.93770994346467
snitz 2,8,13,0.766438661,1.5080644666015695,1.5134154499152404,1.739778980166872,120.89160015096931
snitz 2,8,10,0.537752535,0.6979529361031691,0.7042472110914841,1.1868000767538598,72.79731662853678
snitz 2,8,14,0.61790083,1.6823432081929104,1.6828296810760937,1.8345733460813682,133.06516199547718
snitz 2,6,3,0.648905325,0.7640327320765491,0.7225638517993475,1.2021346445380796,73.89275455557627
snitz 2,6,9,0.722060567,1.2464050322042468,1.1297700323229596,1.5031766578303158,97.45630357093998
snitz 2,6,4,0.718496654,1.241730434393855,1.242453892879408,1.5763590281908546,104.03141648804184
snitz 2,12,7,0.661498482,0.4528461555993656,0.45294564195345843,0.951783212662903,56.83483662569538
snitz 2,12,13,0.633933962,0.48378675351333644,0.4799797230704669,0.9797752018401638,58.66638835633926
snitz 2,12,4,0.724689658,0.4409477903918766,0.4447363650754055,0.9431186193426627,56.27112478125432
snitz 2,12,14,0.608783615,0.5449086646502654,0.5431717905662852,1.0422780728445606,62.81737372756752
snitz 2,7,3,0.464489509,0.9063123703394781,0.90488338321691,1.3452757213425879,84.54196814398196
snitz 2,7,9,0.41743823,1.1466843693132405,1.117368194631265,1.4949034715534417,96.74023782290809
snitz 2,7,13,0.560994228,0.5559208708953471,0.5563252654609566,1.0548225115733516,63.661420202253865
snitz 2,7,4,0.385388532,0.3055085425362981,0.30643027117875077,0.7828541003006252,46.086647620988686
snitz 2,7,10,0.499030847,0.9338109871528533,0.9329322390173281,1.365966499601896,86.15441370951457
snitz 2,7,11,0.344029083,0.49281779273562554,0.5522292447791932,1.0509322002671657,63.39925237290703
snitz 2,3,14,0.516065325,1.3717313838209357,1.3296227369500146,1.630719311806918,109.24587876697127
snitz 2,3,11,0.496331653,0.9387351276814719,0.767743306662286,1.2391475349305963,76.57003078603478
snitz 2,9,13,0.582958927,1.2868978126356836,1.1953674465808914,1.546200146540474,101.26618959288538
snitz 2,9,4,0.414009564,1.2613834294040178,1.240191069487177,1.5749228993745548,103.89781770852267
snitz 2,9,11,0.309007512,0.471594400250712,0.35453869346013467,0.8420673292084602,49.79972853577909
snitz 2,13,10,0.609489573,1.5006742183099995,1.4923279746301858,1.727615683322067,119.49370777476048
snitz 2,4,14,0.369436836,0.18689638329867408,0.18919971754509823,0.6151418007989676,35.82580497563695
snitz 2,10,11,0.540210831,1.317779590373882,1.250831319025127,1.5816645150126663,104.52671080506653
snitz 2,14,11,0.374876806,0.7568447493440683,0.767165460739198,1.2386811217897833,76.53598942566543
ravia 1,1,3,0.615227273,0.9416941017771948,0.9813191489770317,1.4009419323990782,88.92960381574001
ravia 1,1,8,0.551590909,1.1630043863346389,1.1923373603752234,1.544239204511544,101.08922140298273
ravia 1,1,11,0.689772727,0.7940891904740239,0.7735102800741207,1.2437928123880766,76.90950547451132
ravia 1,2,5,0.59,1.5348216461810322,1.5182563494448436,1.7425592382727442,121.21536337905813
ravia 1,2,7,0.348181818,0.1515246010306739,0.15341869096736505,0.5539290405229993,32.15824203533004
ravia 1,2,8,0.497954546,0.9803618044876699,0.9971335640399779,1.4121852315046903,89.83576509234089
ravia 1,3,2,0.533409091,0.4221497840731616,0.46592568311690186,0.9653244875345305,57.71884437809272
ravia 1,3,5,0.4725,1.3643874746355245,1.3963326684587702,1.671126966127212,113.34911513265925
ravia 1,4,3,0.5725,1.5564699199269754,1.5569093638318363,1.7646015775986577,123.84232797525246
ravia 1,4,9,0.547954546,0.9170004127646996,0.9767854386062972,1.3977019987152464,88.66978411157143
ravia 1,5,7,0.595681818,1.3507280093721685,1.348897075818345,1.6424963170846658,110.41987018064604
ravia 1,5,10,0.5875,0.8466597798274216,0.8854138555032356,1.3307245060516735,83.42024491931177
ravia 1,5,14,0.530227273,1.2201604768356282,1.2713067304593708,1.5945574498646147,105.74203972587897
ravia 1,6,2,0.833409091,0.5338785203514704,0.5390006711482376,1.0382684346046906,62.54838881476012
ravia 1,6,3,0.713636364,0.5079704858399042,0.510230677932664,1.0101788732028245,60.67457908712161
ravia 1,6,5,0.722045455,1.2237850404568102,1.2332743630645802,1.570524984242263,103.48992418763558
ravia 1,6,10,0.629318182,0.6756882864553185,0.667888643184633,1.1557583165910015,70.60302354361295
ravia 1,7,1,0.700909091,0.9331631978329199,0.9360806228766616,1.3682694346338822,86.33519102318277
ravia 1,7,4,0.530681818,1.6427963117282578,1.6415680678180353,1.8119426413758435,129.90884598999563
ravia 1,8,6,0.798181818,0.9622871711734123,0.9370980293409362,1.3690128044258294,86.3936016725601
ravia 1,8,12,0.628181818,0.6084927896348671,0.5534793451612494,1.0521210435698447,63.47932906200575
ravia 1,8,11,0.533181818,1.4281883830677078,1.475979939137971,1.718126851625322,118.4231729596636
ravia 1,8,10,0.625227273,0.9946419298100654,0.9268414351355353,1.3615002277895771,85.8045748651254
ravia 1,9,2,0.415227273,0.9432440348138196,0.9713876018165201,1.3938347117334393,88.3604065762835
ravia 1,9,6,0.771590909,1.2492208340151587,1.179243082666044,1.535736359318255,100.32567462493127
ravia 1,9,8,0.520909091,1.0225099280953358,0.8424574018275404,1.2980426817539867,80.93571149470687
ravia 1,9,13,0.555681818,1.274323265093436,1.3014648535596933,1.6133597574996674,107.54560688217076
ravia 1,12,1,0.675909091,1.6726831985788453,1.675013505847498,1.8303079007901908,132.4551990197255
ravia 1,12,3,0.613181818,1.0755346778623185,0.9866625939064029,1.4047509344409796,89.23580026325261
ravia 1,12,5,0.647045455,1.300275122689261,1.3315427343441057,1.6318962800031782,109.36243995834337
ravia 1,11,2,0.453636364,0.41325169112326143,0.42134301754832815,0.917979321715177,54.64386272212911
ravia 1,11,4,0.630909091,1.7089651502226038,1.6588892919142797,1.8214770335715353,131.21521879728712
ravia 1,11,12,0.737727273,1.124799619802619,1.1810543441720773,1.536915315931283,100.43117838732472
ravia 1,11,14,0.464545454,0.867797929999663,0.9879442895300676,1.405663038946438,89.30924193787148
ravia 1,10,9,0.585909091,0.8475865188292535,0.7770007940369418,1.2465960003440903,77.11474788213478
ravia 1,10,11,0.6425,0.699407998361878,0.7606639715505552,1.2334212350616927,76.15264445100006
ravia 1,13,1,0.679545454,0.5355551383646246,0.5275643968611301,1.0271946230983982,61.807486694808425
ravia 1,13,5,0.676590909,0.9059806590271914,0.8849696261713063,1.3303906390014222,83.39462303287668
ravia 1,13,7,0.387045455,0.5571383214695633,0.5638993351628244,1.0619786581309667,64.14464840996663
ravia 1,13,12,0.674772727,1.2426968536427412,1.2665111755105707,1.5915471563925279,105.4567664469393
ravia 1,13,10,0.691136364,0.5224452969630471,0.5600094315999957,1.0583094364126175,63.896720634178585
ravia 1,14,1,0.610227273,1.1683931678297903,1.199998292378715,1.549192236217775,101.53685917581922
ravia 1,14,3,0.531136364,0.8764357087441895,0.7601447945049453,1.2330002388523251,76.12200536543071
ravia 1,14,4,0.498409091,1.3168230494594086,1.3280626635799768,1.6297623529705039,109.15122916829793
ravia 1,14,6,0.803409091,0.7855832708453334,0.7736135985022239,1.243875876848027,76.91558304586222
ravia 1,14,12,0.652272727,0.9955096496809966,0.8860804205581442,1.33122531568337,83.45868802137517
ravia 1,1,2,0.719545455,1.2577584463214904,1.2509229708397942,1.581722460382854,104.53213555656536
ravia 1,1,4,0.779090909,1.2337298280444937,1.219547622662441,1.5617603034156309,102.68246409508238
ravia 1,1,5,0.409545454,0.4416396370238843,0.4337917536149901,0.9314416284609469,55.51376377332108
ravia 1,1,6,0.745454546,0.679499315016966,0.691401662448483,1.1759265814229076,72.02521990460421
ravia 1,1,9,0.647727273,1.4269940331816018,1.426163576546244,1.6888834042326568,115.22433626265502
ravia 1,1,10,0.643409091,0.7435234329289204,0.7715053098819191,1.2421797856042573,76.79153594824139
ravia 1,2,4,0.394090909,1.5755736431752045,1.5678636802230064,1.7707985092737157,124.60138763233516
ravia 1,2,12,0.745909091,0.7423191403286837,0.7626122909305562,1.2349998307129897,76.26758803752044
ravia 1,2,10,0.703409091,0.649369569218458,0.6641316925609702,1.152503095493431,70.37465208483654
ravia 1,2,13,0.422272727,0.7173961297301876,0.7144779998556228,1.1953894761588146,73.40994643717747
ravia 1,2,14,0.395,0.6185816161617785,0.6725921235079866,1.1598207822831827,70.8884805532389
ravia 1,3,7,0.535909091,0.5241648222519121,0.5419374369873016,1.0410931149395826,62.7378412704093
ravia 1,3,8,0.485681818,1.1140999684945965,0.9868274280052134,1.4048682699849215,89.24524539121107
ravia 1,3,9,0.5075,1.0578722031549774,0.8934820069218734,1.3367737332262877,83.88536831173998
ravia 1,3,11,0.504318182,0.4007636932301686,0.5272362986416089,1.0268751614890768,61.786155560116185
ravia 1,3,10,0.649545455,0.6774814628033909,0.6396681382297309,1.1310774847283722,68.87942181459584
ravia 1,3,13,0.396363636,0.588311635006764,0.654447467306803,1.144069462320189,69.78447194205539
ravia 1,4,5,0.668409091,0.5442757482766215,0.5359873222518234,1.035362083767629,62.35365705292706
ravia 1,4,6,0.792727273,1.4573147853267545,1.4613900637913362,1.7096140288330204,117.47684221127913
ravia 1,4,8,0.513181818,0.5046463455351893,0.5763966806709566,1.0736821509841319,64.93770994346467
ravia 1,4,12,0.6675,0.7188623358583335,0.7560564184617281,1.229679973376592,75.8805887156309
ravia 1,4,10,0.650227273,1.4377318070042602,1.4466199102329098,1.7009526214641666,116.52702681879556
ravia 1,4,13,0.569772727,1.5892364860736343,1.5680351015434004,1.7708953111595278,124.61332075593813
ravia 1,5,8,0.573636364,0.8911284240265887,0.964026671886465,1.3885436052832223,87.93843532253229
ravia 1,5,9,0.625681818,1.1446309751359065,1.2108097001533522,1.556155326536109,102.16980695268255
ravia 1,5,11,0.685,1.3182672972271923,1.259771291491055,1.5873067072819005,105.05649182833336
ravia 1,6,7,0.837272727,0.4528461555993658,0.45294564195345843,0.951783212662903,56.83483662569538
ravia 1,6,12,0.635227273,1.3387006781521018,1.3058977691913367,1.6161050517780935,107.81218399723251
ravia 1,6,11,0.849545455,0.48671030763820644,0.5230976273404222,1.0228368661134797,61.516714244772004
ravia 1,6,13,0.818863636,0.634024977666547,0.6484171805414978,1.1387863544506476,69.41584197936491
ravia 1,7,8,0.436818182,0.9063123703394781,0.9048833832169101,1.3452757213425879,84.54196814398196
ravia 1,7,9,0.477954546,1.0743591967658204,1.0544092727895211,1.452177174307269,93.11896186960516
ravia 1,7,12,0.684090909,0.8525615812555519,0.8520880582238757,1.3054409662821795,81.49406013689601
ravia 1,7,11,0.332954546,0.3619322507731574,0.3870936704122725,0.8798791626266333,52.20005250345497
ravia 1,7,10,0.668181818,0.5348051040068201,0.5392541046463208,1.0385124983805643,62.56475075425042
ravia 1,7,14,0.433409091,0.5804990031236105,0.6106993408320491,1.1051690737910191,67.08900862765121
ravia 1,8,13,0.433181818,1.4195667659956697,1.4353129001595673,1.694292123666735,115.80520587036267
ravia 1,8,14,0.427045455,1.0087950923895506,0.8553035093426259,1.3079017618633486,81.68029596518014
ravia 1,9,12,0.736818182,0.7905475059424274,0.6963313245635852,1.1801112867552663,72.32191384605561
ravia 1,9,11,0.546590909,1.2618351568307153,1.3418373699732413,1.6381925222471514,109.9888561739416
ravia 1,9,14,0.2275,0.23541927479730806,0.18904394975674388,0.6148885260870365,35.81055444891712
ravia 1,12,10,0.306136364,1.1146420923420803,1.0593340365077437,1.4555645203890784,93.40158776528513
ravia 1,11,13,0.275909091,0.2297639122140771,0.22763276133177468,0.6747336679487322,39.43305666192647
ravia 1,10,14,0.6675,0.4839892236864901,0.4607538389465131,0.9599519143649988,57.36766350361846
ravia 1,13,14,0.5,0.9399466247501622,1.0014536707389776,1.41524108952431,90.08328922747899
ravia 2,1,3,0.6654,0.8478976774979531,0.8357496757618577,1.292864784702451,80.54631294185859
ravia 2,1,8,0.644,0.5713209274036388,0.5781057764132048,1.0752727806591265,65.04576437638354
ravia 2,1,11,0.5905,0.661950874179564,0.6673573185738012,1.1552985056458795,70.57074578513237
ravia 2,2,5,0.7491,1.3474899845857617,1.140203637387592,1.5101017431865917,98.05963003246657
ravia 2,2,7,0.7304,1.1876143343127852,1.0661801999497102,1.4602603877046794,93.79461954729894
ravia 2,2,8,0.6205,1.1254034524726146,1.041003570542014,1.4429161933681487,92.34999035462745
ravia 2,3,2,0.6769,1.4608827139397935,1.6128456168999958,1.7960209446996969,127.79554522788845
ravia 2,3,5,0.4322,0.39421879477573585,0.5435304633668101,1.0426221399594486,62.84047326891129
ravia 2,4,3,0.6791,0.7322335757819034,0.7936192563677142,1.2598565445063294,78.08966158279289
ravia 2,4,9,0.6743,1.1427159317640199,1.153080249732563,1.5186047871204424,98.80547396962437
ravia 2,5,7,0.3867,0.3162331457286507,0.3121706504358569,0.7901527073115132,46.541472255668786
ravia 2,5,10,0.4804,1.141280380651578,1.0466107101970081,1.446796952026792,92.67156492561962
ravia 2,5,14,0.572,1.3205202359460007,1.2183598319956626,1.5609995720663488,102.61271628444834
ravia 2,6,2,0.4817,0.8275473604707924,0.8140129316418594,1.2759411676420347,79.28131393261869
ravia 2,6,3,0.6019,0.961359561952647,1.0065108179619453,1.4188099365044955,90.37304502603887
ravia 2,6,5,0.6728,0.9023481927740321,0.8896789860355817,1.3339257745733695,83.66617905802929
ravia 2,6,10,0.567,0.776669197965994,0.762079946559602,1.234568707330298,76.236187317676
ravia 2,7,1,0.6644,0.63221828525089,0.6415202866933065,1.1327138091268303,68.99314066704152
ravia 2,7,4,0.681,0.49384014385091346,0.4907492476140317,0.9907060589438539,59.38606438614008
ravia 2,8,6,0.5494,0.7931925341194972,0.7880248616278124,1.2554081898950737,77.76187443786166
ravia 2,8,12,0.5737,0.4266968978413238,0.42401504061721285,0.9208854875794411,54.831361279612864
ravia 2,8,11,0.4342,0.2769397761450868,0.27569149398662374,0.7425516736047718,43.58864595369801
ravia 2,8,10,0.5018,0.8446122019791099,0.8284965065839134,1.2872424065294874,80.12475314953419
ravia 2,9,2,0.3752,0.7169217003713728,0.9360577397794795,1.368252710415353,86.3338772307099
ravia 2,9,6,0.4898,1.0478097825518948,1.06462394095841,1.4591942577726997,93.70526114912609
ravia 2,9,8,0.4798,1.4519474142399464,1.456324608562229,1.7066485335664334,117.15019430943158
ravia 2,9,13,0.5903,1.1652751300426565,1.1604197074154488,1.5234301476703476,99.23125837154005
ravia 2,12,1,0.7618,0.7883180800874907,0.795085300620112,1.2610196672693985,78.17549432157527
ravia 2,12,3,0.5292,0.6458971381749559,0.7264516587611397,1.2053643920086072,74.12447655327857
ravia 2,12,5,0.5235,0.9967222429751956,0.9827716675812412,1.4019783647269604,89.01284042621572
ravia 2,11,2,0.7157,1.0868303507287222,1.0203197084380504,1.4285095088504314,91.16431366616368
ravia 2,11,4,0.7063,0.6621895888128566,0.6593858351901829,1.1483778430378941,70.0857032827569
ravia 2,11,12,0.4773,0.8039740839146363,0.7996422655797244,1.2646282185525708,78.44212085838514
ravia 2,11,14,0.455,1.515297217862821,1.439569014193615,1.696802295020616,116.0763857842104
ravia 2,10,9,0.6539,0.8903419914926373,1.001139146935252,1.4150188316310508,90.06526832575118
ravia 2,10,11,0.4739,1.2056286090422876,1.151248954217996,1.517398401355423,98.69931221348081
ravia 2,13,1,0.7542,0.8741650797462707,0.8739849595096817,1.3221081343896812,82.76062314346399
ravia 2,13,5,0.3202,0.5349575318520436,0.5422223059906369,1.0413667038950656,62.7562011287161
ravia 2,13,7,0.3809,0.18665229166839525,0.19170405469875706,0.6191995715417723,36.07022677141812
ravia 2,13,12,0.3728,0.514766803411463,0.517192899602074,1.0170475894490618,61.13110077328694
ravia 2,13,10,0.4985,1.0463246348910722,1.044102370399194,1.4450621927094998,92.52769954638501
ravia 2,14,1,0.6628,1.0711730280691667,1.0914314111592394,1.4774514619162544,95.24596047324044
ravia 2,14,3,0.5667,1.2792369647411008,1.418852399546804,1.6845488414093568,114.76215585853545
ravia 2,14,4,0.7062,1.1350158706788498,1.0937478755194376,1.479018509363177,95.37925672888346
ravia 2,14,6,0.5375,1.0584925247708084,1.0154402580453699,1.425089651948515,90.88469677515046
ravia 2,14,12,0.5134,0.7731032944747471,0.758570484510047,1.2317227646755962,76.02907311471566
ravia 2,1,2,0.6364,0.8583236401736044,0.940344600074373,1.3713822224853087,86.57996679322038
ravia 2,1,4,0.2768,0.3159094703518266,0.32316265374298714,0.8039435972044146,47.4030062690582
ravia 2,1,5,0.6213,0.8348686504510634,0.8477562413291266,1.3021184595336377,81.24302188549933
ravia 2,1,6,0.4639,0.38618578710774887,0.3955234394216125,0.8894081621186218,52.80881502768816
ravia 2,1,9,0.5792,0.9797556441840384,0.9671974805232445,1.3908252805606063,88.12021686432428
ravia 2,1,10,0.6726,0.6767720229388521,0.7457305480711324,1.2212539032249865,75.26969893134562
ravia 2,2,4,0.6731,1.077578860112303,1.0107376827340064,1.421785977377753,90.61523572535269
ravia 2,2,12,0.8059,1.1771335422431652,1.0699994337455383,1.4628734967491464,94.01395469428508
ravia 2,2,10,0.7725,0.7366556865316738,0.5085552078849855,1.0085189218700712,60.56441212272346
ravia 2,2,13,0.8229,1.2078465750784078,1.1566512998646792,1.5209545028466032,99.01257880232441
ravia 2,2,14,0.6833,0.8447408356185316,0.6090613349987888,1.103685947177718,66.98708150713897
ravia 2,3,7,0.3855,0.5105941209191943,0.6149898654370436,1.1090445125756165,67.3556305697212
ravia 2,3,8,0.4696,0.5781828677176981,0.6603744469714539,1.1492383973497005,70.14593761375276
ravia 2,3,9,0.5183,1.0152651801610766,0.9198449457960443,1.3563516843326768,85.40252169122802
ravia 2,3,11,0.4607,0.535940335567979,0.6176750712707642,1.1114630639573806,67.52223135652875
ravia 2,3,10,0.5519,1.145598983531121,1.3307233446031805,1.6313940937757374,109.31268543503057
ravia 2,3,13,0.4467,0.5064532943663618,0.5585190574362124,1.0569002388458548,63.80159066911881
ravia 2,4,5,0.7286,0.5798641482999745,0.5754644713121615,1.072813563777194,64.87873256367652
ravia 2,4,6,0.6529,0.29701261321760064,0.2954064963518257,0.7686436057781598,45.20328682332061
ravia 2,4,8,0.6542,0.42909910997347034,0.4269809096206667,0.9241005460670035,55.038974414295
ravia 2,4,12,0.8327,0.5980536907422682,0.594652861750375,1.0905529439237465,66.08711756348659
ravia 2,4,10,0.7128,0.7053173142551332,0.7090259739359768,1.1908198637375649,73.08372146284754
ravia 2,4,13,0.7573,0.7251878271077452,0.7262787550344068,1.2052209382801204,74.1141767954553
ravia 2,5,8,0.4579,0.8189682429708425,0.8098783923667495,1.2726966585693147,79.04011883575787
ravia 2,5,9,0.6734,0.8211519941301554,0.8601127455961755,1.3115736697541434,81.95867779957376
ravia 2,5,11,0.2273,0.5968535116871028,0.5927529986904811,1.088809440343425,65.96798734905131
ravia 2,6,7,0.7173,0.9244326760808536,0.916013757642127,1.3535241096058295,85.18226761757587
ravia 2,6,12,0.694,0.8095555765060763,0.8033567984354426,1.267562068251841,78.65926913547064
ravia 2,6,11,0.6914,1.055705230409847,1.0497920410930024,1.4489941622332383,92.85405395506446
ravia 2,6,13,0.715,1.1750160428600465,1.1749349060056722,1.5329285084475872,100.07487006308786
ravia 2,7,8,0.1945,0.3588062997790735,0.3563487781082265,0.8442141648991996,49.93537611088831
ravia 2,7,9,0.5282,1.0951648755713557,1.1136121277511362,1.4923887749183427,96.52358117863882
ravia 2,7,12,0.4857,0.7212057871596226,0.7148211872780361,1.1956765342499915,73.43046262437505
ravia 2,7,11,0.4042,0.22526582427969066,0.224423637930099,0.6699606524716194,39.142683195620165
ravia 2,7,10,0.4841,1.0445728147047684,0.9905595327927293,1.4075223144183038,89.45909303769918
ravia 2,7,14,0.5004,1.365644640529811,1.2862337725884327,1.6038913757411581,106.63261121990578
ravia 2,8,13,0.5069,0.3645494511932389,0.3668117300509942,0.856518219363715,50.71425901209722
ravia 2,8,14,0.526,1.208473180268633,1.157267253788304,1.5213594274781381,99.04831328940256
ravia 2,9,12,0.7273,1.3917547573636018,1.3997199003154295,1.6731526531165224,113.56066926401024
ravia 2,9,11,0.6285,1.148915733594887,1.158337050181893,1.5220624495610506,99.11038583338251
ravia 2,9,14,0.5856,0.7348808412451083,0.8504959203388465,1.3042207791159028,81.40181164798912
ravia 2,12,10,0.3837,0.5111698082781944,0.5297398570639968,1.029310309929903,61.948815700944415
ravia 2,11,13,0.3468,0.1659468988175531,0.1680620336989559,0.5797620782682429,33.701668288603585
ravia 2,10,14,0.2889,0.29573191424452905,0.2379421392253558,0.6898436623255384,40.354048249911536
ravia 2,13,14,0.5396,1.291589386811276,1.2672346110303776,1.5920016400936134,105.49977613696666
ravia 4,1,11,0.625,0.05139312047448796,0.050069238249468295,0.3164466408400267,18.207572814456302
ravia 4,2,12,0.38392857,0.3121190520460919,0.4365843368325004,0.9344349488674967,55.707655687683435
ravia 4,3,13,0.25,0.06960706604013667,0.06596506959555637,0.3632218869934908,20.927213567667536
ravia 4,4,14,0.25,0.2431020427760886,0.2729176081284187,0.7388066162784666,43.35764492640338
ravia 4,5,15,0.49107143,0.14912414506480254,0.16939798867761013,0.5820618329311931,33.839371130800295
ravia 4,6,16,0.27678572,0.22552938858721616,0.20679724311524772,0.6431131208663804,37.51417041738613
ravia 4,7,17,0.14285714,0.24120079694898744,0.23712906383045806,0.688664016528319,40.282048818450015
ravia 4,8,18,0.22321429,0.14318306058081898,0.1879039223960235,0.6130316833509071,35.6987676729844
ravia 4,9,19,0.0625,0.10037972510013615,0.1118030309114223,0.47287002635274394,27.352453982494083
ravia 4,10,20,0.625,0.968053917934505,0.9267441334946742,1.3614287594249461,85.7989848924785
ravia 4,21,31,0.38392857,0.11804563432392534,0.12306448271192527,0.496113863365911,28.72512230270017
ravia 4,22,32,0.86607143,0.18060361658091417,0.16959491097839507,0.5824000531909233,33.85962705019925
ravia 4,23,33,0.22321429,0.11957725453305934,0.20213068595638195,0.6358155172003624,37.07288416743314
ravia 4,24,34,0.59821429,0.12098007001518407,0.1251574666623949,0.5003148342042134,28.97365502243937
ravia 4,25,35,0.19642857,0.1278111981266158,0.11571427162721815,0.48107020615959645,27.8362494423065
ravia 4,26,36,0.57142857,0.21843412862102496,0.21843344947353616,0.6609590750924538,38.59576808850109
ravia 4,27,37,0.25,0.12771394180487505,0.16803655605323986,0.5797181316005908,33.69903737438581
ravia 4,28,38,0.41071429,0.12446165100102213,0.11792041465968661,0.4856344605970346,28.10575087123043
ravia 4,29,39,0.38392857,0.08592494005778006,0.07289961216473406,0.3818366461321748,22.012762651889215
ravia 4,30,40,0.86607143,0.08090356954205591,0.07707670668520916,0.3926237554840742,22.642740065428427
ravia 4,41,51,0.03125,0.2794886295667466,0.35186892998948116,0.8388908510521276,49.59915967780675
ravia 4,42,52,0.25,0.20039361824269708,0.19370500307878424,0.6224226909083314,36.2644939140362
ravia 4,43,53,0.09375,0.18482197704952763,0.18781542846750954,0.6128873117751911,35.69007760019267
ravia 4,44,54,0.09375,0.09910315307757933,0.0896259555622616,0.4233815195831328,24.442907024555478
ravia 4,45,55,0.03125,0.03781234522557919,0.04319409846568867,0.2939186910207943,16.90151411660577
ravia 4,46,56,0.28125,0.20039361824269708,0.19370500307878424,0.6224226909083314,36.2644939140362
ravia 4,47,57,0.25,0.057564248522581574,0.05635468498812901,0.33572216187832776,19.3269620079647
ravia 4,48,58,0.03125,0.09124806124567386,0.17165285118704932,0.585922949178558,34.07067728658213
ravia 4,50,60,0.09375,0.049202771530095,0.049420852432079276,0.31439100633472,18.088301008110673
ravia 4,61,71,0.5,0.2491598833704023,0.2371252395852922,0.6886584633696042,40.281709921842015
ravia 4,62,72,0.3125,0.11917361488351264,0.11514380652989431,0.47988291599075406,27.76617038643522
ravia 4,63,73,0.40625,0.1266580865223753,0.12750469363276495,0.5049845416104627,29.25008216470461
ravia 4,64,74,0.1875,0.1937786081160764,0.21827943821335916,0.6607260222109608,38.581620523563
ravia 4,65,75,0.46875,0.20280223817224696,0.19466868874339627,0.6239690517059265,36.3577360116899
ravia 4,66,76,0.59375,0.20355079366617812,0.2173043699574443,0.6592486176814392,38.491948322026076
ravia 4,67,77,0.46875,0.5698412746552535,0.6176516689027216,1.1114420082961787,67.52078024896444
ravia 4,68,78,0.5,0.21792613623359813,0.2957228404993212,0.7690550571959345,45.22882359114421
ravia 4,69,79,0.40625,0.41931502421229105,0.39195130993528315,0.8853827533166467,52.55145610521257
ravia 4,70,80,0.65625,0.12932580411308547,0.14334419944627697,0.5354329079282989,31.056855261908915
ravia 4,81,91,0.15625,0.3440796312520623,0.34096928167650886,0.8257957152668074,48.77400830503667
ravia 4,82,92,0.0390625,0.04643639081172324,0.04769657461403498,0.3088578139339686,17.767352483044785
ravia 4,83,93,0.203125,0.29712582598259474,0.3267568714674435,0.808401968660942,47.68213279197335
ravia 4,84,94,0.203125,0.04656362990963114,0.044945573763420454,0.29981852432236705,17.24333641329336
ravia 4,85,95,0.5078125,0.18501184715293983,0.20473034863323603,0.6398911604847131,37.319267683210605
ravia 4,86,96,0.109375,0.026284500925859322,0.03427715014693711,0.2618287613954475,15.044868123550305
ravia 4,87,97,0.0859375,0.08430410768197627,0.08462040393230863,0.4113888766904333,23.740307644646855
ravia 4,88,98,0.1328125,0.05900247665057057,0.07953802457017434,0.39884338923987356,23.006286707336333
ravia 4,89,99,0.1328125,0.04643639081172324,0.04769657461403498,0.3088578139339686,17.767352483044785
ravia 4,90,100,0.203125,0.0913144197368575,0.0896583134912945,0.42345794003960935,24.4473871470884
ravia 5,1,11,0.23851149,0.05139312047448796,0.050069238249468295,0.3164466408400267,18.207572814456302
ravia 5,2,12,0.31037452,0.3121190520460919,0.4365843368325004,0.9344349488674967,55.707655687683435
ravia 5,3,13,0.27683293,0.06960706604013667,0.06596506959555637,0.3632218869934908,20.927213567667536
ravia 5,4,14,0.14635286,0.2431020427760886,0.2729176081284187,0.7388066162784666,43.35764492640338
ravia 5,5,15,0.48173535,0.14912414506480254,0.16939798867761013,0.5820618329311931,33.839371130800295
ravia 5,6,16,0.02346809,0.22552938858721616,0.20679724311524772,0.6431131208663804,37.51417041738613
ravia 5,7,17,0.14138724,0.24120079694898744,0.23712906383045806,0.688664016528319,40.282048818450015
ravia 5,8,18,0.1166136,0.14318306058081898,0.1879039223960235,0.6130316833509071,35.6987676729844
ravia 5,9,19,0.40912754,0.10037972510013615,0.1118030309114223,0.47287002635274394,27.352453982494083
ravia 5,10,20,0.22330094,0.968053917934505,0.9267441334946742,1.3614287594249461,85.7989848924785
ravia 5,21,31,0.34063239,0.11804563432392534,0.12306448271192527,0.496113863365911,28.72512230270017
ravia 5,22,32,0.75589495,0.18060361658091417,0.16959491097839507,0.5824000531909233,33.85962705019925
ravia 5,23,33,0.22710293,0.11957725453305934,0.20213068595638195,0.6358155172003624,37.07288416743314
ravia 5,24,34,0.47003307,0.12098007001518407,0.1251574666623949,0.5003148342042134,28.97365502243937
ravia 5,25,35,0.16766024,0.1278111981266158,0.11571427162721815,0.48107020615959645,27.8362494423065
ravia 5,26,36,0.32475495,0.21843412862102496,0.21843344947353616,0.6609590750924538,38.59576808850109
ravia 5,27,37,0.19187264,0.12771394180487505,0.16803655605323986,0.5797181316005908,33.69903737438581
ravia 5,28,38,0.34889391,0.12446165100102213,0.11792041465968661,0.4856344605970346,28.10575087123043
ravia 5,29,39,0.35495844,0.08592494005778006,0.07289961216473406,0.3818366461321748,22.012762651889215
ravia 5,30,40,0.36280682,0.08090356954205591,0.07707670668520916,0.3926237554840742,22.642740065428427
ravia 5,41,51,0.19227489,0.2794886295667466,0.35186892998948116,0.8388908510521276,49.59915967780675
ravia 5,42,52,0.46480987,0.20039361824269708,0.19370500307878424,0.6224226909083314,36.2644939140362
ravia 5,43,53,0.49066206,0.18482197704952763,0.18781542846750954,0.6128873117751911,35.69007760019267
ravia 5,44,54,0.31995589,0.09910315307757933,0.0896259555622616,0.4233815195831328,24.442907024555478
ravia 5,45,55,5.51e-09,0.03781234522557919,0.04319409846568867,0.2939186910207943,16.90151411660577
ravia 5,46,56,0.35266928,0.20039361824269708,0.19370500307878424,0.6224226909083314,36.2644939140362
ravia 5,47,57,0.13021954,0.057564248522581574,0.05635468498812901,0.33572216187832776,19.3269620079647
ravia 5,48,58,0.02492514,0.09124806124567386,0.17165285118704932,0.585922949178558,34.07067728658213
ravia 5,49,59,0.42582855,0.1049621391768506,0.10495992787551367,0.45817011660629686,26.48642259920314
ravia 5,50,60,0.04319385,0.049202771530095,0.049420852432079276,0.31439100633472,18.088301008110673
ravia 5,81,91,0.45922401,0.3440796312520623,0.34096928167650886,0.8257957152668074,48.77400830503667
ravia 5,82,92,0.22713094,0.04643639081172324,0.04769657461403498,0.3088578139339686,17.767352483044785
ravia 5,83,93,0.293471,0.29712582598259474,0.3267568714674435,0.808401968660942,47.68213279197335
ravia 5,84,94,0.012045,0.04656362990963114,0.044945573763420454,0.29981852432236705,17.24333641329336
ravia 5,85,95,0.08433754,0.18501184715293983,0.20473034863323603,0.6398911604847131,37.319267683210605
ravia 5,86,96,3.45e-08,0.026284500925859322,0.03427715014693711,0.2618287613954475,15.044868123550305
ravia 5,87,97,1.38e-09,0.08430410768197627,0.08462040393230863,0.4113888766904333,23.740307644646855
ravia 5,88,98,3.45e-08,0.05900247665057057,0.07953802457017434,0.39884338923987356,23.006286707336333
ravia 5,89,99,0.15437422,0.04643639081172324,0.04769657461403498,0.3088578139339686,17.767352483044785
ravia 5,90,100,0.10308909,0.0913144197368575,0.0896583134912945,0.42345794003960935,24.4473871470884
ravia 5,101,111,0.1647852,0.22838216179977766,0.20321452949154983,0.6375178891475118,37.17577542218462
ravia 5,102,112,0.18245054,0.10191567866319617,0.16886839677827015,0.5811512656413478,33.78484291434284
ravia 5,103,113,0.50830727,0.15618246372920774,0.15998541645945452,0.5656596440607274,32.85834036109483
ravia 5,104,114,2.21e-08,0.07544226787379404,0.07346245385292238,0.3833078497837542,22.09864223921669
ravia 5,105,115,0.2509834,0.11946199045895256,0.13862455134017648,0.5265444925933165,30.52862926829763
ravia 5,106,116,0.3953606,0.18682884904295294,0.18076202921998596,0.6012687073513572,34.991415700225716
ravia 5,107,117,0.40765291,0.14917553660569027,0.17962009239664867,0.599366486211314,34.87715793999689
ravia 5,108,118,0.16248649,0.07018570113905576,0.09282147908670446,0.4308630387645353,24.88168964387169
ravia 5,109,119,0.26548574,0.4775422444426253,0.526877663029788,1.026525852601665,61.762834177627475
ravia 5,110,120,0.18536346,0.07601942248368032,0.0666010342049298,0.364968585510945,21.02899278408318
bushdid,497,385,0.36538462,0.9085489775330858,0.9085255061857241,1.3479803456918236,84.75156068461513
bushdid,242,213,0.53846154,0.4824982507030964,0.3873982866492972,0.8802252968976716,52.22213754211894
bushdid,489,287,0.30769231,1.3802199185624882,1.371894908431921,1.6564388962059065,111.83252874897343
bushdid,501,511,0.36538462,0.37200613868562293,0.37473847335693333,0.8657233661591136,51.29861461133229
bushdid,189,68,0.25,0.1995312539669486,0.25170654089344624,0.709516089871747,41.557232492617786
bushdid,126,38,0.65384615,0.7034030746598683,0.7145639877755883,1.1954614069685294,73.41508711143277
bushdid,469,472,0.01923077,0.04380474877025886,0.04289231709914698,0.29289014015206183,16.841937919505884
bushdid,140,110,0.30769231,0.561880132032557,0.7052777079999504,1.1876680580026981,72.85911446344257
bushdid,86,337,0.25,0.10496339206598648,0.09548696621392327,0.43700564347368204,25.24222344698801
bushdid,66,228,0.48076923,0.7200990841689618,0.7244840320642598,1.2037308935673787,74.00723516542023
bushdid,202,74,0.65384615,0.9467288279591703,1.2482665300751146,1.5800421070814,104.37495804669587
bushdid,397,323,0.71153846,1.404933989736822,1.4507287158217685,1.7033664995072364,116.79044721795042
bushdid,261,30,0.59615385,0.847742293653477,0.8444552786416087,1.299580916019937,81.05161033736124
bushdid,481,313,0.42307692,0.7331704512108644,0.710398926944831,1.1919722538254247,73.1659256402394
bushdid,322,193,0.13461539,0.11944310871732344,0.12846926535877068,0.5068910442270028,29.36298908767297
bushdid,256,317,0.36538462,1.147489246736587,1.0985557265935573,1.4822656486565133,95.65600885994517
bushdid,184,254,0.36538462,0.15841504930591277,0.12632584228811516,0.502644690190029,29.11155110653975
bushdid,356,364,0.42307692,0.45819032697547335,0.4437493240428857,0.9420714665489938,56.20309849298899
bushdid,34,409,0.30769231,0.4811804339617233,0.4896656750741426,0.9896117168608536,59.313898477222374
bushdid,250,460,0.25,0.5565857874820221,0.5700548572952404,1.0677592025313951,64.53592118833117
bushdid,324,425,0.36538462,0.6120482179111466,0.6406483689880562,1.131943787463014,68.93961719007906
bushdid,423,181,0.71153846,0.4622192940526988,0.5950664307016006,1.0909321066882218,66.11303568116803
bushdid,37,101,0.48076923,1.035807395122511,1.0995171132502983,1.4829140995015848,95.71136439844625
bushdid,90,178,0.42307692,0.5537360845051926,0.5612647221145711,1.0594949005205936,63.976785296564444
bushdid,476,179,0.48076923,1.2404113581212592,1.2105003790590803,1.5559565412048502,102.15167733920778
bushdid,201,354,0.30769231,0.08142017779882249,0.09695910551905229,0.4403614549868151,25.439296414970332
bushdid,416,294,0.36538462,0.09548489815660188,0.06996612580163186,0.37407519511892723,21.559904033952655
bushdid,231,183,0.25,0.06079579181795036,0.09352209631818476,0.4324860606266623,24.976926750435474
bushdid,218,73,0.48076923,0.810577743344855,0.9787794199640705,1.3991278854801446,88.7840590544694
bushdid,300,134,0.01923077,0.10834219506574538,0.11021234707151661,0.46949408318213526,27.153424431675205
bushdid,443,410,0.25,0.6613896729771762,0.6676857010597098,1.155582711068065,70.59069564666758
bushdid,424,430,0.53846154,1.4647243855318755,1.558325472683602,1.765403904314025,123.94007194803773
bushdid,116,88,0.13461539,0.07460092711831434,0.06525746546541145,0.3612685025446078,20.813410637217437
bushdid,16,133,0.30769231,0.8456258388976321,0.8400557181579745,1.2961911264608894,80.79633784376061
bushdid,100,348,0.01923077,0.30747064343463026,0.30719699671675627,0.7838328861648458,46.14759751152457
bushdid,259,510,0.53846154,0.9396298791811633,0.9966874573685081,1.4118692980361232,89.81020494065568
bushdid,105,198,0.07692308,0.7584895057835667,0.8297248541567402,1.2881963003802956,80.19618300280156
bushdid,326,484,0.19230769,0.8665205168103128,0.8661290737974207,1.316152782770618,82.30666390177305
bushdid,102,227,0.59615385,0.8623840847777822,0.849281104517682,1.3032889967445307,81.33141010936637
bushdid,161,255,0.01923077,0.02445721714418858,0.02760959238977112,0.23498762686478375,13.494970791369328
bushdid,246,146,0.30769231,0.49619475887947206,0.4967123004042159,0.9967068780782201,59.78224812478191
bushdid,223,412,0.65384615,1.158383102999921,1.0343726206268498,1.4383133320850845,91.9697941003979
bushdid,156,78,0.71153846,1.082365678720904,1.1056663611659983,1.4870550502022435,96.06555982554806
bushdid,384,207,0.13461539,0.9815898406781873,1.047850223370376,1.4476534277031752,92.7426631479713
bushdid,15,87,0.65384615,0.2973334476985099,0.29438887842675066,0.76731854979109,45.12106319759773
bushdid,169,27,0.82692308,0.5307513544155915,0.6835547155289814,1.16923454920643,71.55191363600389
bushdid,327,374,0.13461539,0.24529239261598046,0.2442950575352585,0.6989922138840439,40.91299573680397
bushdid,392,437,0.71153846,0.9946258210903509,0.9930333129060243,1.4092787608603374,89.60083500338837
bushdid,14,439,0.76923077,1.0970764067050862,1.133657111667981,1.5057603472451924,97.680974335233
bushdid,307,61,0.07692308,0.04700394245849171,0.07104547350468915,0.37694952846419566,21.727573102395574
bushdid,504,108,0.19230769,0.04364475208665175,0.04415900898370395,0.2971834752596582,17.09064902357089
bushdid,1,226,0.59615385,0.43623224064247434,0.45331412627794754,0.9521702854825368,56.86005420415232
bushdid,31,167,0.30769231,0.47333414598496637,0.7033871222639956,1.1860751428674285,72.74572218923375
bushdid,383,253,0.30769231,0.38152496683917525,0.5498184295696237,1.048635713267123,63.244666083493925
bushdid,414,11,0.76923077,1.168427070062262,1.221845561064055,1.5632309880910467,102.81745483484609
bushdid,215,191,0.13461539,0.012830894687087646,0.012844212715348746,0.1602760912634728,9.193001288621394
bushdid,152,491,0.30769231,0.176102368564233,0.2247574215013598,0.6704586810555289,39.172969245379214
bushdid,365,92,0.36538462,0.6249154612658188,0.544353082429009,1.0434108322506612,62.893434229251085
bushdid,197,507,0.36538462,0.9631171386552955,0.8988482965966123,1.3407820826641532,84.19450547150593
bushdid,212,50,0.13461539,0.6409568262746841,0.7191842891335085,1.1993200483052957,73.6911050954615
bushdid,339,131,0.53846154,0.46415885172075255,0.3479033822724369,0.8341503249084504,49.3001349840593
bushdid,29,406,0.71153846,0.6795258554896827,0.6669400926280704,1.1549373079332663,70.5453949791132
bushdid,477,376,0.59615385,0.7715465113293017,0.7924995903296076,1.2589675057995802,78.02409004702254
bushdid,419,229,0.76923077,0.9732483831132643,0.9862506919653307,1.4044576832110895,89.21219785558314
bushdid,8,498,0.13461539,0.6462094297718133,0.7752502404989599,1.2451909415820208,77.01183643710144
bushdid,6,137,0.25,1.3092272376400484,1.3110159897374,1.619268964525288,108.12046941122415
bushdid,57,458,0.71153846,0.7652636214526229,0.762014364035599,1.2345155843776123,76.23231859334162
bushdid,190,166,0.53846154,0.33078698751695434,0.3872973081561286,0.8801105705036484,52.21481721284232
bushdid,394,118,0.01923077,0.11818760231158298,0.1038124941169315,0.4556588507138466,26.338629095961757
bushdid,203,403,0.19230769,0.06350332888664478,0.0692031555373036,0.37202998679489097,21.440628941294957
bushdid,400,312,0.42307692,0.6548209707842887,0.6564332429897174,1.1458038601695475,69.90567018102922
bushdid,475,160,0.65384615,0.6808905514468914,0.6807522972910589,1.166835290253992,71.38256475791367
bushdid,55,84,0.53846154,1.2441211734304303,1.2919928479181588,1.60747805454268,106.97730265173507
bushdid,284,314,0.65384615,0.038423620825508875,0.05358923565491158,0.3273812323726331,18.84235629701331
bushdid,170,159,0.30769231,0.1498441872517734,0.1621661028441198,0.5695017170195712,33.08791356374567
bushdid,39,372,0.71153846,1.1518521578464591,1.0940225336229867,1.4792042006585748,95.39506329622087
bushdid,130,417,0.65384615,1.2797100032798765,1.3100269556035766,1.618658058765703,108.06085496756177
bushdid,373,165,0.65384615,1.085616968194017,1.093688702636153,1.4789785006119278,95.37585138465715
bushdid,239,128,0.13461539,0.7925598349344296,0.7482980328632187,1.2233544317680125,75.4217512866912
bushdid,99,222,0.71153846,1.2549490066116133,1.2349528024286474,1.5715933331677425,103.58884065599543
bushdid,48,180,0.59615385,1.257720855738413,1.2568978711044654,1.5854954248464204,104.88607208195153
bushdid,269,502,0.25,0.5166645218757054,0.5716670487945379,1.0692680195297508,64.63818852463417
bushdid,230,280,0.19230769,0.4007185586965667,0.44814332911606847,0.9467241722023039,56.50551817885058
bushdid,360,40,0.19230769,0.0316010278558676,0.0241386316207024,0.21972087575240837,12.614540979848917
bushdid,320,214,0.53846154,0.8423404693933689,0.8584090131595803,1.31027402718636,81.86007973421906
bushdid,336,248,0.36538462,0.8416057343819872,0.8076746181034403,1.2709639004341864,78.91147797056723
bushdid,32,235,0.42307692,1.1740091803165758,1.0389429479721581,1.4414873901440541,92.23183091823826
bushdid,77,494,0.48076923,0.08841537656714404,0.09606183609968255,0.43831914423096463,25.319350856164196
bushdid,64,329,0.48076923,0.7730753945231752,0.9755024810064211,1.3967837921499668,88.59625512470882
bushdid,404,380,0.30769231,0.3781857366713416,0.4812280966194534,0.9810485172706325,58.7500907966541
bushdid,224,271,0.25,0.36696996303154983,0.36652850154873884,0.8561874812781821,50.69328966620473
bushdid,508,512,0.65384615,0.6939598583391742,0.7554971711088505,1.2292250982703294,75.84754562575769
bushdid,495,492,0.59615385,0.6479030049265057,0.711737946140121,1.1930950893706007,73.24606370494622
bushdid,503,379,0.19230769,0.43809217069656625,0.4386514631620484,0.9366445037067678,55.85089055661021
bushdid,79,422,0.25,0.036402676378193055,0.03881298608027828,0.2786143789551374,16.015516564661315
bushdid,91,399,0.42307692,0.3770597174237391,0.4497337264381651,0.9484025795390532,56.61471763508479
bushdid,168,149,0.59615385,1.084445776223998,1.08054566578949,1.4700650773278647,94.61993130185002
bushdid,135,127,0.07692308,0.29013845371437885,0.3593864202111611,0.8478047183298301,50.16241217188292
bushdid,436,262,0.53846154,0.5277964546228668,0.406059740169034,0.9011767198158573,53.56287755713204
bushdid,391,52,0.30769231,1.2769024048012956,1.3673604150409,1.6536991352969261,111.55291906529271
bushdid,265,366,0.59615385,1.5342142206729825,1.5316796320988555,1.7502454868382638,122.11901119855088
bushdid,381,464,0.19230769,0.7360072232715229,0.6677248861330205,1.1556166199332898,70.5930760510176
bushdid,138,421,0.19230769,0.7193030916808443,0.8961204331189178,1.3387460051248838,84.03738253764841
bushdid,44,388,0.59615385,0.19304611673495897,0.20204986266248526,0.6356883869672081,37.065201668073534
bushdid,298,273,0.48076923,1.0888016280869086,0.9963463777054715,1.4116276971676858,89.79066239684711
bushdid,187,143,0.59615385,0.3705472963305113,0.347500981662322,0.8336677775496929,49.26971679137151
bushdid,390,440,0.36538462,0.4549011971352739,0.47004997078495114,0.9695875110426607,57.99792143440409
bushdid,418,375,0.19230769,0.019808524105835335,0.02112158891783722,0.2055314521811069,11.796911363674193
bushdid,123,121,0.13461539,0.1330677106389666,0.12645160279986067,0.5028948255845569,29.1263583096346
bushdid,429,455,0.30769231,1.3621411809988329,1.363419451229237,1.6513142954805646,111.31034535734275
bushdid,36,452,0.07692308,0.05780081586847852,0.043930941325273976,0.29641505132254586,17.046128621503716
bushdid,96,321,0.48076923,1.6252365049162838,1.5686820015577037,1.7712605689495284,124.65836876187831
bushdid,291,124,0.88461539,0.8160380968718928,0.8696517547414926,1.318826565353832,82.51028346595038
bushdid,363,172,0.13461539,0.19397863094698697,0.19486228239224956,0.6242792362272662,36.37644244273492
bushdid,351,59,0.42307692,0.4305441994804746,0.4295300423631624,0.9268549426562527,55.216996166996836
bushdid,80,276,0.01923077,0.010384336646415582,0.012013567230124256,0.15500688520271927,8.890155718940715
bushdid,474,263,0.76923077,0.8751307843244633,0.9299103359504983,1.3637524232429419,85.98086276107885
bushdid,303,295,0.42307692,0.2932548521314682,0.25983975233827505,0.7208879973175795,42.254931999226
bushdid,43,288,0.07692308,0.5004033210675372,0.4971057283474669,0.997101527776853,59.80833107843487
bushdid,97,225,0.13461539,0.04510552316504324,0.03574229471892654,0.2673660214721627,15.364943359727775
bushdid,194,219,0.59615385,1.5046258749873933,1.4916140170939742,1.727202372100024,119.44672154539163
bushdid,304,76,0.25,0.9777373246197967,1.119892420471797,1.4965910733876486,96.88589390219971
bushdid,396,358,0.30769231,0.5345174911436767,0.5217311601504202,1.021500034410592,61.42760186735024
bushdid,473,205,0.07692308,0.6163597224832633,0.6279613102177652,1.1206795351194427,68.15859637922247
bushdid,145,340,0.76923077,0.40071350263848704,0.4841912734228039,0.9840643001580776,58.94847327122822
bushdid,155,122,0.48076923,0.9753370871091323,0.8205247466339582,1.281034540232197,79.66080370174052
bushdid,42,482,0.65384615,0.7237331494762769,0.7231349523269623,1.2026096227179977,73.92681028864973
bushdid,309,444,0.36538462,0.9397781360503202,1.0446683662859866,1.4454538154406642,92.56016071335839
bushdid,413,75,0.30769231,0.1063458877080038,0.10632408376764957,0.4611379051165699,26.661141333443638
bushdid,251,310,0.42307692,0.4747476367333425,0.477268059374391,0.9770036431604449,58.48431627200813
bushdid,331,25,0.13461539,0.21918796276884622,0.23673181037653312,0.6880869281951709,40.24683239900517
bushdid,332,293,0.59615385,0.5123372216615948,0.5586754503033198,1.0570482016477012,63.811576805757674
bushdid,190,13,0.65384615,0.8067480220815753,0.9126363902387938,1.3510265654226008,84.98804449431624
bushdid,420,283,0.07692308,0.26801855961583476,0.23372320684824932,0.6837005292498309,39.97928468901517
bushdid,182,9,0.65384615,0.7930002373497376,0.797766536941578,1.2631441223720894,78.33240365364861
bushdid,515,83,0.53846154,0.8693800549981129,0.8821162985543733,1.3282441782702257,83.23001933634883
bushdid,442,311,0.13461539,0.07684908528583356,0.08397826699922972,0.4098250041157323,23.648754103391678
bushdid,457,54,0.30769231,0.1436572312328216,0.15647591733994537,0.5594209816228658,32.48585332196159
bushdid,315,49,0.19230769,0.083814483242449,0.0718271073657859,0.37901743328186394,21.848229718823113
bushdid,393,448,0.48076923,0.2967194583466072,0.21985172974042444,0.6631013945701283,38.725847108004096
bushdid,154,233,0.53846154,1.330775848634415,1.3484747299484208,1.6422391603834194,110.3940511316843
bushdid,456,468,0.25,0.9472478892708066,1.0341742041417121,1.4381753746617358,91.95841899024973
bushdid,208,196,0.13461539,1.2889310604582052,1.3012784483327544,1.613244214824745,107.53440587832746
bushdid,260,415,0.59615385,0.18877998918296324,0.2015949236989537,0.6349723201824687,37.02193286689915
bushdid,210,377,0.19230769,0.02449228210461707,0.025983319365714186,0.2279619238632368,13.089703988553833
bushdid,24,490,0.30769231,0.032954171475764626,0.03626596803379367,0.2693175376160769,15.477777223383987
bushdid,188,361,0.59615385,0.9254358684933716,0.9614844458094625,1.3867115387199047,87.7926753278552
bushdid,270,23,0.48076923,1.196668367960063,1.2025021418705553,1.5508076230600338,101.68331574928159
bushdid,148,308,0.07692308,0.108325366826594,0.1042449127867332,0.45660686106700926,26.394416329249456
bushdid,264,346,0.19230769,0.008587153574043938,0.008516164117784886,0.13050796234548231,7.482872303517058
bushdid,285,109,0.25,0.22616527335158,0.2143178518420913,0.6547027597957582,38.216187288592685
bushdid,119,301,0.13461539,0.02961985117482524,0.031443539447556845,0.25077296284710116,14.406150272631256
bushdid,462,466,0.13461539,0.4438043994418295,0.455297731455487,0.9542512577466029,56.99567994489443
bushdid,58,112,0.30769231,0.5278299896851457,0.4725856487433173,0.9721992066889559,58.16908114716212
bushdid,463,107,0.01923077,0.3882116257521123,0.38846037780469134,0.8814310838683777,52.29908887888068
bushdid,157,447,0.25,0.10903402912921056,0.09276976153681715,0.4307429895815307,24.87464598651549
bushdid,150,355,0.30769231,1.4221589812337219,1.4885550346511076,1.7254304011759543,119.24565236721246
bushdid,240,446,0.19230769,0.21231019942227625,0.21607782170902579,0.6573854603032013,38.37889746654467
bushdid,432,18,0.25,0.6729504926331167,0.7785576899103764,1.247844293099404,77.20623906689129
bushdid,158,505,0.59615385,0.48055622840352175,0.6464496366592711,1.137057286735608,69.2953743698119
bushdid,297,465,0.53846154,0.3876291618949581,0.398488629757874,0.8927358285157758,53.02178157459153
bushdid,132,342,0.25,0.2900565923984253,0.3550677521096546,0.8426953804426063,49.83940416066958
bushdid,249,279,0.13461539,0.33069658251339007,0.33280061004190087,0.8158438699186271,48.148721374780074
bushdid,408,369,0.13461539,0.17508874420933684,0.16688171611535163,0.5777226256870188,33.57959352765371
bushdid,493,362,0.76923077,1.1816759761187055,1.07825243635236,1.4685042978162233,94.48812277296344
bushdid,89,4,0.53846154,1.2973152950332274,1.2219917208724638,1.563324483830829,102.82604332747844
bushdid,487,5,0.01923077,0.014726789487575775,0.014661628586359998,0.1712403491374631,9.823376536540403
bushdid,316,335,0.25,0.4184384763974849,0.40156154357682583,0.8961713492148986,53.24185800319941
bushdid,199,177,0.42307692,0.7774478279160787,0.7718368509642046,1.2424466595908288,76.81104726299263
bushdid,62,257,0.30769231,0.5925256939562482,0.5166220213569637,1.0164861251949915,61.0937434616645
bushdid,53,344,0.53846154,1.556871121596982,1.560068502658438,1.7663909548332932,124.06053528985395
bushdid,232,206,0.59615385,1.0539446821604324,1.1359272550669162,1.5072672324885963,97.81224196362977
bushdid,147,341,0.65384615,1.0015291496943137,0.8359403848423922,1.293012285202575,80.55739003289354
bushdid,368,305,0.30769231,0.23285644337213707,0.20778702034763208,0.6446503243583025,37.607198530133395
bushdid,103,258,0.48076923,0.3690527737541939,0.3749599231158425,0.8659791257482392,51.31487094939284
bushdid,352,220,0.53846154,0.7804767002138799,0.7108267183217576,1.1923310935488998,73.1915319190411
bushdid,171,431,0.36538462,0.24722831643164989,0.29369155921383006,0.7664092369143656,45.06465183751082
bushdid,175,427,0.19230769,0.7955139489130469,0.787547696360917,1.2550280445957507,77.73389766241367
bushdid,266,26,0.36538462,1.1015481795995503,0.9915631760358482,1.4082351906097559,89.51659985950671
bushdid,359,347,0.30769231,0.2553188568513558,0.27692986569139244,0.7442175296126697,43.6914583714425
bushdid,438,142,0.65384615,0.5896519806462988,0.6009301053692806,1.0962938523674026,66.47995403128543
bushdid,162,330,0.48076923,0.6973311695440725,0.6920836915374882,1.1765064313785014,72.06629765676715
bushdid,21,268,0.19230769,0.04127650665569549,0.044303247234289356,0.2976684304197858,17.11874734964724
bushdid,113,378,0.71153846,1.283693961796044,1.4572615834981568,1.7071974598728503,117.21054316854195
bushdid,56,136,0.65384615,0.9766793160510763,0.9671660286733647,1.3908026665730586,88.11841383484169
bushdid,499,81,0.36538462,0.14971845276329965,0.18687598211030865,0.6113525694888484,35.59771086835574
bushdid,454,325,0.07692308,0.48909398886927,0.4553735809920342,0.9543307403537145,57.00086188839324
bushdid,272,129,0.48076923,0.9444168723338129,0.9601023963919386,1.385714542315219,87.71342879225064
bushdid,306,95,0.25,0.32421881927977547,0.3244334505549652,0.8055227502125127,47.501838512229234
bushdid,47,479,0.65384615,0.9490006126033288,1.0863365897426613,1.4739990432443715,94.95288839898805
bushdid,185,277,0.42307692,0.3444000278255629,0.4286527650076052,0.9259079489966644,55.155773923927335
bushdid,480,28,0.36538462,0.768528879746377,0.7552474350520905,1.2290219160390026,75.83278843724955
bushdid,357,289,0.36538462,0.014437913697921578,0.01637951641924551,0.18099456577060755,10.384432094533754
bushdid,2,45,0.36538462,0.7028689378472395,0.7335412871635211,1.2112318416913592,74.54635221660776
bushdid,353,93,0.36538462,0.5166226362843988,0.5482194584481211,1.0471097921881176,63.1420208424517
bushdid,486,7,0.25,0.5974734909810036,0.7010240743950551,1.1840811411343863,72.60389476911361
bushdid,3,318,0.71153846,0.253039461210668,0.29877486420565336,0.7730134076530021,45.474620353941624
bushdid,33,485,0.30769231,0.973334790347677,0.8993365539623671,1.341146191854092,84.22262408105593
bushdid,221,426,0.13461539,0.6968233031352296,0.7296689578475033,1.2080305938572111,74.31603326846685
bushdid,195,445,0.65384615,1.0953394288904303,1.1020961620976606,1.4846522569933072,95.8598896373269
bushdid,115,296,0.42307692,0.23802044709472747,0.2610482321433786,0.7225624293351802,42.35780133114411
bushdid,516,333,0.76923077,0.9300429454642192,0.9375080867602631,1.369312299484864,86.41714254625869
bushdid,67,243,0.36538462,0.36550656997918485,0.3661546195104184,0.8557506874206042,50.6655989925728
bushdid,153,513,0.13461539,0.5515986988717159,0.6251209240722853,1.1181421412971477,67.98316080997935
bushdid,237,65,0.53846154,0.7023310398907872,0.6999649893093502,1.183186366815769,72.54029404164643
bushdid,106,451,0.59615385,0.6093744752398995,0.5892456537206974,1.0855833949731333,65.74776953307347
bushdid,12,186,0.07692308,0.41084146494162477,0.3388624395050098,0.8232404745941614,48.613312572972085
bushdid,509,98,0.19230769,0.7858125583593876,0.8218718371678616,1.2820856735552906,79.73925047004845
bushdid,71,211,0.07692308,0.009694048856724535,0.010566955044550186,0.14537506694444152,8.33672995611529
bushdid,173,63,0.25,0.22249723521636267,0.21901992056479103,0.6618457834946007,38.64960165667744
bushdid,386,450,0.07692308,0.03499201211645753,0.035010021677864045,0.2646130067773075,15.205793453601407
bushdid,209,70,0.48076923,0.4245931003977611,0.39065432194717475,0.8839166498569586,52.4577937481849
bushdid,453,467,0.07692308,0.6407393948298101,0.6556639831494637,1.145132292051415,69.85873095556892
bushdid,41,17,0.36538462,0.4059910972872782,0.5088534168669966,1.0088145685575687,60.584028949906696
bushdid,216,114,0.13461539,0.21890172403898767,0.21407326861433063,0.6543290741123013,38.19352899814717
bushdid,441,345,0.48076923,1.2319235304563216,1.233727401254401,1.5708134206546636,103.51661930831304
bushdid,244,10,0.48076923,0.44147153833837127,0.5755847215375138,1.072925646573437,64.88634194082827
bushdid,217,252,0.19230769,0.31612805244225195,0.33611815728193206,0.8199001857323026,48.40339950454786
bushdid,343,518,0.76923077,0.7251777268119948,0.7361113568686106,1.2133518507577352,74.6990737466111
bushdid,407,338,0.59615385,1.2623102927647922,1.2531405707544063,1.5831238553912366,104.66343312786505
bushdid,483,449,0.76923077,1.4605633731627334,1.4632393325693336,1.7106953747346918,117.59633406750228
bushdid,51,433,0.19230769,0.2065273611590981,0.23611805709242073,0.6871943787494493,40.1923729888402
bushdid,245,164,0.36538462,0.7836459053576854,0.7894275945973177,1.256525045191951,77.84410123636866
bushdid,69,382,0.53846154,0.923755936110163,0.9535198952399105,1.380956114610389,87.33592633391564
bushdid,125,401,0.59615385,0.6142722911852898,0.613470499974947,1.107673688389272,67.26127363338234
bushdid,350,459,0.30769231,0.7471047443905965,0.7344763370491909,1.2120035784181422,74.60192875031876
bushdid,22,275,0.71153846,1.084842299099533,1.2140484586937321,1.5582351932193887,102.3597084645651
ravia 6,201,211,0.42136906,0.3390650761087768,0.2922680709201443,0.764549633339974,44.949322805460454
ravia 6,202,212,0.52096629,0.29362463846688247,0.32467304827927534,0.8058201390872224,47.520454969264286
ravia 6,203,213,0.51710329,0.22125190907603964,0.23293038121084064,0.6825399346717242,39.908532473248336
ravia 6,204,214,0.36292572,0.8091019538527204,0.7723247296809024,1.2428392733422153,76.83975627455
ravia 6,205,215,0.42576992,0.6368246836045848,0.5853599803340475,1.0819981333939974,65.50335114490599
ravia 6,206,216,0.49328639,0.5281705768177718,0.48478128423506484,0.9846636829243427,58.98792462797839
ravia 6,207,217,0.42042925,0.6266472966122103,0.6150629585894809,1.1091104170365371,67.36016822705487
ravia 6,208,218,0.63068123,0.3053493969704927,0.3038288893018811,0.7795240718565161,45.879386789127416
ravia 6,221,231,0.53603574,0.9567988562107219,0.9536966748837076,1.381084121177061,87.34606597852645
ravia 6,222,232,0.5224802,0.6438564459327929,0.6521229920389975,1.1420358943912385,69.6424817039332
ravia 6,224,234,0.35885303,0.7138042986269633,0.6999330539960804,1.1831593755670289,72.53837590114064
ravia 6,226,236,0.3884599,0.37403064491065063,0.3911488707809443,0.8844759700307799,52.493521592226735
ravia 6,227,237,0.39136355,0.4969746598725653,0.5214018860467877,1.0211776398323529,61.40611740621913
ravia 6,228,238,0.41033623,0.9184683328230554,0.9352615276013984,1.36767066766923,86.28816291256814
ravia 6,241,251,0.49308904,0.8360626647287138,0.9421148957604233,1.372672499732127,86.68157290055676
ravia 6,242,252,0.65725871,0.18529233770168096,0.21300951968532444,0.6527013401017722,38.094850037327255
ravia 6,244,254,0.3652442,0.618304208743881,0.5489296851548799,1.0477878460402945,63.187625001504436
ravia 6,245,255,0.24288154,0.21047592775654078,0.2055573685771187,0.6411822963512309,37.39735756028758
ravia 6,246,256,0.48344009,1.176919253399727,1.2463341419729694,1.5788186355455587,104.26069108166168
ravia 6,247,257,0.32691904,0.7509363684637475,0.7856909401063775,1.2535477175651335,77.62500546531125
ravia 6,248,258,0.28389266,0.8792168064147495,0.8847540412299024,1.3302285827856069,83.38218822774512
ravia 6,261,271,0.43390559,0.5239439766035807,0.5381088638283444,1.0374091418802367,62.490793455924575
ravia 6,262,272,0.57044567,0.6593632827104516,0.6471427707425436,1.1376667093156447,69.33782406406418
ravia 6,263,273,0.58587575,0.4968198202717631,0.4777408645054819,0.9774874572141394,58.51608779941987
ravia 6,264,274,0.5850806,0.5987265707019407,0.6017331284485851,1.0970260967256753,66.53012312816712
ravia 6,265,275,0.35275846,0.7082235929789116,0.7022695519674997,1.1851325258953107,72.67866055129105
ravia 6,266,276,0.51823599,0.3018296289137947,0.2604140552582249,0.7216842180042807,42.30384364719575
ravia 6,267,277,0.40449507,0.4619883911241379,0.47961578376173386,0.9794036795537714,58.641972508196424
ravia 6,268,278,0.67060053,0.43888904626109504,0.311225460220375,0.7889555883829905,46.46681881017694
ravia 6,281,291,0.49674924,1.1768657003568403,1.0932210565900407,1.4786622715076225,95.34893946004682
ravia 6,282,292,0.531955,0.49776424100074623,0.5070272102244345,1.0070026913811447,60.463837585053454
ravia 6,283,293,0.77410128,1.3087390568644757,1.3496225489078841,1.6429379470374923,110.46423026349783
ravia 6,284,294,0.58335923,0.7104093908168172,0.682612206865977,1.1684281808189811,71.49497697486044
ravia 6,285,295,0.44340877,0.4895688293084469,0.5105586580035997,1.0105034962864798,60.696130781482516
ravia 6,286,296,0.65817543,0.7131773392650747,0.811322109911015,1.2738305302598263,79.12436257240145
ravia 6,287,297,0.62566619,0.12375022707928285,0.12208185592813692,0.4941292461049778,28.607758857380194
ravia 6,288,298,0.27616336,1.1376465757356147,1.1385211710141518,1.5089871908098833,97.96228181997029
random,11,27,0.55,1.0242062178471811,1.0102930618734298,1.4214732230143698,90.58975941781276
random,12,28,0.7,1.7820266627022505,1.8085422987204987,1.9018634539422112,143.953753584412
random,13,29,0.303571429,0.21682883346980686,0.26082193163458467,0.722249169794725,42.33855340077817
random,14,30,0.614285715,1.2275939016053135,1.2883222326614794,1.6051929682511568,106.75753717057317
random,15,31,0.228571429,0.6229713866631439,0.5272640631067902,1.0269021989525489,61.787960817320865
random,16,32,0.507142857,1.257908184983816,1.2780545248701562,1.5987836156717121,106.14412693017466
random,33,63,0.735294118,0.7279278038781105,0.6960354964636091,1.1798605819872183,72.3041231896371
random,34,64,0.724264707,0.6319040456791061,0.4004856810012307,0.8949700341365969,53.16487878023853
random,35,65,0.702205882,1.1686497185763682,1.1312445214031905,1.5041572533503207,97.54151435828302
random,36,66,0.669117648,1.4630201895173456,1.3213465295135092,1.6256362013153556,108.74437683979126
random,37,67,0.636029412,1.1268574886780856,1.008427243144926,1.420160021367258,90.4828511804717
random,38,68,0.602941177,1.3923576464544825,1.4754899583224421,1.7178416448103953,118.39125595815601
random,39,69,0.547794118,0.436378546879325,0.4109907538736348,0.9066319582649129,53.91326721890444
random,40,70,0.525735294,0.8219800789356615,0.747419769639996,1.2226363070349218,75.36975038446288
random,49,79,0.360294118,1.4611707471195348,1.4101051110433795,1.6793481539236461,114.2114378831123
random,45,75,0.492647059,0.7787594992521993,0.8556545596811749,1.308170141595637,81.70062306732127
manual,41,71,0.525735294,0.6162163188353784,0.4732024368934862,0.9728334255086905,58.21066667010073
manual,42,72,0.525735294,0.27828165234068936,0.2272960749309132,0.6742344917473639,39.40267622475488
manual,43,73,0.525735294,0.4532337036544565,0.4198110716021748,0.9163089780223422,54.5361680472048
manual,44,74,0.503676471,0.6153533146525205,0.46244425287187574,0.9617112382330526,57.482597533532754
manual,46,76,0.470588236,0.3372818545311952,0.28577018739261684,0.7560028933709407,44.419884978441374
manual,47,77,0.470588236,0.20181262743585637,0.14387924706351662,0.5364312575969391,31.116227837788486
manual,48,78,0.426470589,0.3728780696568732,0.30000270120102246,0.7746001564691587,45.57321271652592
manual,50,80,0.360294118,0.8084452766463973,0.8701828328560982,1.3192291937765008,82.5409727633552
manual,51,81,0.272058823,0.6222323481378471,0.5903006360737906,1.0865547718120705,65.81404928579978
manual,52,82,0.139705882,0.4263685511821729,0.33118914916576236,0.8138662656306165,48.024648082656675
manual,53,83,0.636029412,0.6229713866631439,0.5272640631067902,1.0269021989525489,61.787960817320865
manual,54,84,0.580882353,1.257908184983816,1.2780545248701562,1.5987836156717121,106.14412693017466
manual,55,85,0.536764707,0.6051279735194921,0.5663378317581252,1.064272363409034,64.29980392295005
manual,56,86,0.503676471,0.7316581370488036,0.60308348069584,1.0982563277266744,66.61444381479802
manual,57,87,0.503676471,0.43782579107099384,0.3673708564533137,0.8571707606461081,50.75563655206551
manual,58,88,0.470588236,0.7561446856338272,0.7401102140905036,1.2166430981109484,74.93647746660723
manual,59,89,0.459558823,1.433307268599893,1.3992063628603961,1.6728456969250909,113.52857376018046
manual,60,90,0.415441177,0.2075932095231119,0.17571319595122648,0.5928122737447772,34.48374932184764
manual,61,91,0.393382353,0.4376061171328205,0.4037452215798073,0.8986047201966028,53.39786580948705
manual,62,92,0.382352941,1.0864181000081192,1.187248051314264,1.5409400061743244,100.79222699445832
angle,1,17,0.357142857,0.5069310328102593,0.4337046137920778,0.9313480700490849,55.50770632556023
angle,2,18,0.282142857,0.2928973358576109,0.29573901393245006,0.76907608717532,45.23012888230098
angle,3,19,0.464285715,0.9292154897777357,0.962226170279239,1.3872463157487487,87.83520396173137
angle,4,20,0.496428571,1.113687362120244,0.8151546415477146,1.2768356523434918,79.34788340522424
angle,5,21,0.260714286,0.41752510347903227,0.42921888961419086,0.9265191736971135,55.19528706560159
angle,6,22,0.421428571,0.36152347988946976,0.3554665706712361,0.8431685130165093,49.86929738738193
angle,7,23,0.389285715,0.12439409807575663,0.13947691502951653,0.5281607994342564,30.624634334619206
angle,8,24,0.228571429,0.7045336506075632,0.6059787907817428,1.1008894502008302,66.79505663879749
angle,9,25,0.453571429,0.3126686517873073,0.2808461438936328,0.7494613317491873,44.015334651058765
angle,10,26,0.539285715,0.645702191150362,0.6748819786144407,1.1617934227860311,71.02727457011144
metamer,223,233,0.058193153,0.847987795332296,0.8128782215787093,1.275051545294314,79.21513808948184
metamer,225,235,0.182001587,0.8270982290736314,0.7774651751531787,1.2469684640384286,77.14204078435111
metamer,243,253,0.180893819,0.6257823963435215,0.627843152649753,1.120574096300421,68.15130271721326
